Pressure;Voltage;Current
1;0.878;0.00399090909090909
20;2.45;0.0111363636363636
30;3.04;0.0138181818181818
35;3.36;0.0152727272727273
45;3.99;0.0181363636363636
